Checklist #,Star Count,Image,Set,Player,Rarity Tier,Country,Supply,JSON
0,0,QmdwX48YJtkz2HdFN56P8yMeDC26x1Ps8gMfeGLyEkb9xb,Originals,Lionel Messi,Diamond,Argentina,60,QmSVbcaMBrjBdz5hzEAPKr8JM2dfobTCFHSbaxuVgC7qJc
1,0,QmW88Q7Fx5K1iaiCbv2tjMouVL6CGbyDpakjCgw4PXSxCy,Originals,Cristiano Ronaldo,Diamond,Portugal,56,QmZZyMsUuYNTcYr4cWL8utXCGiN7Ej1CpDs6wNQexkcLaa
2,0,QmXFAL6ZHev3xYuvPhXyWJCnQmWybeWVcr1gSPwJgF46BB,Originals,Neymar,Diamond,Brazil,59,QmXGUcTP4QA2dq7Q1uNuoSECa7DJ5fShbHm8L1LFB2j3E5
3,0,QmbqV1H9ap1iKQiXJkyviWeBTkqZd3YUPt2YdVA31gSoSj,Originals,Mohamed Salah,Diamond,Egypt,56,QmYLpdfFm4CbrCaWWbccAR5FHBn1oCeBNCDBg7WhwQkMeQ
4,0,Qmf913HiQvBNoTHtpX4eYW5QiWJGwM96CJvqri9hBeYMhk,Originals,Robert Lewandowski,Gold,Poland,82,QmY4vWDePZDjgHb9GXaApnoJjXV5PhzNdF2icrGw99K8FW
5,0,Qma6HTkimWotpxJXiGbzrgZLqFuHMCGVuJCjY3xT123TP7,Originals,Kevin De Bruyne,Gold,Belgium,77,QmVcL6cUYFRgjnBFYwzmRhEhfwRosyfBWtQ8GuSapbX5NE
6,0,Qmak3vVvbcwkoRkHJxWigwdF9uCwt7TUNd8tVS61kmqKXp,Originals,Luka Modrić,Gold,Croatia,76,QmQatZChnKR4BycknubjZyy7S1QcrvPP9Ma8X5QPZpdyuc
7,0,QmXFHaEcjMi3ZP3wUe8YymwurYEnNfZiyJ1iGv2HKtBKkc,Originals,Eden Hazard,Gold,Belgium,74,QmavaPPbVUPyvyNfhZpyXCaF2k725xzy2FKRZj6PeZ5yhy
8,0,QmbNmLLTReBnqQgALp1YjyvskNJTcKbNFMqxff7T7JfKTC,Originals,Sergio Ramos,Gold,Spain,88,QmQZURNK6EgZYL6rimhD7z95F3FLXGEp3ygCmfEnDosMpu
9,0,QmQHx6Cd9YTfEuEuLnBfaTxpu3doQjA7asFnzhU3Hw3S5S,Originals,Toni Kroos,Gold,Germany,78,QmcgoPrwkougBpLhpturwVR4X6QE2k56U68fP5x2jhLkHz
10,0,QmS1rMTUmeGx48nXZ1udk8bvYoV8YX2ZQjH2JQ3u5RhhwS,Originals,Luis Suárez,Gold,Uruguay,69,QmYL4zYSZf5V2gw3YjKK2uGyX6xx9c2epc4WjP9F79umu5
11,0,QmPUBmwWt23djCS6WYmcCTaWU458WpuH6iA57dMvwXQSxD,Originals,Harry Kane,Gold,England,79,QmPTca3xc4v6KVByA9fXaegLqDfm5xEtBtaEmoyHPvh6eY
12,0,QmRWny6uoEGkorXxZNFWoRVUBnBrVwZ6TMVXnyjHaXWXXR,Originals,Sergio Agüero,Gold,Argentina,76,QmVd1TSEc5h7MYjJNVfx5Qv5n21wnPHu6YvHLsRwBvG5Kg
13,0,QmQqYMfEeGNriojtf5rzancDiRVrrJhJhSQDKEEnZ1yR42,Originals,Kylian Mbappé,Gold,France,70,QmVxoeEQs6YteJTQTHRq8GL6p79D1a1aZGcZ6NveHLVUMy
14,0,QmPf6pvKwNNMz7KhrmWBwrnR45HHWMn4SAhguc97gMMguw,Originals,Gonzalo Higuaín,Gold,Argentina,75,QmXr4M24pCdqMvRcxhvipwv3oLWW896JovC8GijuXzZg8m
15,0,QmcXUPLaECDuchy6VccRgNijuQaQRhFpq8vsbhFNQJHbdT,Originals,David de Gea,Gold,Spain,67,QmXA7DSKEmCQ9Zey3r9BRgsJ4TtjtNER1ixj5tc781Pfkf
16,0,QmYnQjtCr9AXp9wqdGEfnsSxYNugjyysZYMFbdc6pKPWdD,Originals,Antoine Griezmann,Gold,France,62,QmRMM2D1d5KMTe319y5SYK26tkyaJgCJDF8FWASfx2CUv9
17,0,QmZfq7nV4txyQhoSTfzDsRyi9b1RTVtCmQuagf8RTwLiQN,Originals,N'Golo Kanté,Gold,France,77,QmR7MWCCWmCHX4SBMYb6pZ2rWsYNMME7jPESiTU1xPtzSq
18,0,QmbkSek9c67HwvvXcRYZfjUXPHsavQYfZtEv3yUuhCYMDc,Originals,Edinson Cavani,Gold,Uruguay,86,QmTqMWKKgVqC1c6yANRpBJtW3myYMhFHuEReKGPUAheDWs
19,0,QmXJ5A7HjkV6i7uFvumbt8nUjHVide4s5E7kwzYuYEE2sD,Originals,Paul Pogba,Gold,France,87,QmSTavHDXLZxY9urDiuphNai2J7QXZWYZ4yVJiXZ3i5iPR
20,0,QmSkq8myCFYnSUz9Gpniuj15bQVaKRrbWe5trUH5pv2jY6,Originals,Isco,Silver,Spain,157,QmRHopMdrmQsWyYECpdXxf5wEKAhPVvJB7Es8N2qVJPKus
21,0,QmRoiw8J1prJXXN8zitEhD4ToLZrMEuavaPCsJUT5NdxWS,Originals,Marcelo,Silver,Brazil,145,QmPPuxEhmHSFD1R3n6orPzUQdgwPEkPu5YFxrsRahVfMFe
22,0,QmWShKYUn7HW4t5aWYhhfa7BRt7M9Z2U13RBwSwu3AxrT3,Originals,Manuel Neuer,Silver,Germany,126,Qmcy8CRTv5nvgoLKFf1mMX2hVbuTx7naYnNrcXHrPQ39JW
23,0,QmVfJRD5kbJvGbt5GVrQs8axBgTMCABdkRdvbKbkJhWWPj,Originals,Dries Mertens,Silver,Belgium,140,Qme7TeiutBaYobk2eQEt95CJe8AUp7z9fzzDYNfJMtxKPn
24,0,QmaN6LSg8PA1DqRd4iparsKJfhFjLYttE4rwBbsG1zTeLB,Originals,James Rodríguez,Silver,Colombia,143,QmXAWQNFRbmBNefwhgHqBc5yuk7THQqW9hb5QCKN6rr12o
25,0,QmR95vKnfH6hQwwRYdGPsyHwtxnNAck9R4Z3o8uKBavNrw,Originals,Paulo Dybala,Silver,Argentina,158,QmUaWjgKupkcz87nrAEokGPeBrC3yfp4Uz422TXfUSM6mE
26,0,QmSaSdnoEtYiXCh8LwqYxMbVRcZFi5wmFETU3aRMXp6jv9,Originals,Christian Eriksen,Silver,Denmark,149,QmfAEf9HhxWNQz54G5BHz3o6jhMVryuP1dJftYipinkEyP
27,0,QmUQKGC2SBcF5K935dBh9vqdx5Rj6HPCEtc7iiiLUSXcpN,Originals,David Silva,Silver,Spain,137,QmPM5LLTRSDZ8et6WDZXsL6AfgdjvsYoxe1gfqDNWRHG41
28,0,QmTaHM3fJjy3fce2wygM97x3stfuKTPKNuhKcXqmknbknj,Originals,Gabriel Jesus,Silver,Brazil,161,QmVEvsKo8axBoMWr81VYaieZUtwRi2hhvdrzZtmxEn62hx
29,0,QmdRrnEp2WCPjzkKX5h6jK5Jm4rg9j3C694RKM6LEW2Ta9,Originals,Thiago,Silver,Spain,157,QmZXw5u4YtP2KWz1RanH99ukqRdTFZFEB9gUGXxH7xGdV6
30,0,QmZrPeMasK4zJ8sRynwZc4kXKnWNUpyhhCHXF3ZF9JmQhM,Originals,Thibaut Courtois,Silver,Belgium,162,QmRa3aLUa2j5bFyErTN2tffJKkAuRKXsHjWaTyLtyNoXbB
31,0,QmWwAL8QgFZSaDSoxMkJTsJ3avDQBDYDLUgkbBy8H35oeQ,Originals,Philippe Coutinho,Silver,Brazil,151,QmcGZoi83RMqZc7HNFDthc11EenR68uujVWivQCgvmgHqb
32,0,QmQigCmx11tTJqLZ1PyABjsZ2KzoEaf1U7nz14uwoUbbqp,Originals,Andrés Iniesta,Silver,Spain,144,QmfCZzHEAsxuxQJWz4XTP3f195kAkejWCrAdyY5n3SoY73
33,0,QmY2ASupMBxcybzhUTRD49xvfwTteXrRu3ZpCSBvDLT5fB,Originals,Casemiro,Silver,Brazil,149,QmaC96YfXb31RgnDwQLz59PzoQNmfhcnbNgkhHahTF1gzx
34,0,QmRiXwsi9mTy73VunrdEx8mHV5AVzFuufUy9Gg3ihbDVa8,Originals,Romelu Lukaku,Silver,Belgium,156,QmZwz9EmBuVDYEvBVi1WrbXt1PEDLifWR2yn2ZaJCYHYz7
35,0,QmdEwBxP5ymvB1JUVJS1aUx58vj57sXdaeo7W9kUboUfXU,Originals,Gerard Piqué,Silver,Spain,132,Qmaffr5PZAKRNTzBHFM2XVCHUH3zjw88TCE6WdEmijkG6u
36,0,QmTjuokWen97eMrTri3xkjqnvKLPrNPPWaf7Z3hNwazRFH,Originals,Mats Hummels,Silver,Germany,165,QmWMEsVgULvMvvExUZpwFT8obLKusTQf5mBCvxp2gp9xKb
37,0,QmQQ4vBfR3whhpanC1NEVrdJBFyfqZ2cB6zxSnKqQeDVV5,Originals,Diego Godín,Silver,Uruguay,153,QmZtPxbmcPxDx7uTYoFbFEioz2UYRKt9ked3jmHdgQKhjk
38,0,QmUPP6btYwNwDSidqqgzDWsf3fTRRX5thvYBUMibDjx1vv,Originals,Mesut Özil,Silver,Germany,146,QmcAJb6X7GSHwoRi2GP6MDDSsWAUYd2kigLhqsr4kyz2uc
39,0,QmWqHNe8h5LmLMhG2ACvykHQd37uPCZN4AYQmjUm87e7nc,Originals,Son Heung-min,Silver,South Korea,154,QmQ8gApMi3ENSAwk841LBoU2hBsugwbbWfoQntkuPqXjWx
40,0,QmWMz4tbrCJcfkhiMF2zq1DmV5CLBDLSJ4Kdo36Sevo1A4,Originals,Raheem Sterling,Silver,England,153,QmcN5WSjD7SF4EAVFjq1g5fVYUJykuBCpbzb7h1oSGMLoq
41,0,QmNQWX4sjRTpUjd7RQbNgr4du51aA9WfsZbxkCtjXcL4eq,Originals,Hugo Lloris,Silver,France,153,QmXUqLnzd9SunonpVQPr3PffGKrknWCoVMizuzKhiuMG1u
42,0,QmScu7XX7tQ9SGUJgN6EhCCowNc68hp2Y2JqYcfP8Hdxpa,Originals,Radamel Falcao,Silver,Colombia,162,QmSU4CLumgbac3iGD2TZnpa2ZbuQMq8DgYtYL9yCJZqJmR
43,0,QmQ8rJeGECpQvsAjaqVGMea6okmWqEVDdhbGyHE16yxGEu,Originals,Ivan Rakitić,Silver,Croatia,153,QmNUJG8ngwHfVcSum5XgXqzkDxNRN5qmtR1jivRCGtjfwD
44,0,QmZxsRFo2uyuiGK8XbPGgbD34axMHmbfdTTuffBEWSPYJB,Originals,Leroy Sané,Silver,Germany,165,QmeKc9EpeyGBVwczMna9zKNhckayE57btZe4pdGc6UDbR5
45,0,QmaShNvPUvkghd9TPBVs3VatVKP9VedMngBPqauCk9FE85,Originals,Roberto Firmino,Silver,Brazil,143,QmXvwQrJR5nzv3hmVKVJcXcxQit6ut238LxE5rZiXqW4vH
46,0,QmZQa3nZGb9SUmHsz6VWS7vqv7E12dR3Bwtua3BN6R5sD5,Originals,Sadio Mané,Silver,Senegal,164,QmP9AqxSj4EXBjASZDrxLoaF4avyVu7613yUEEZAYaovQS
47,0,QmafYUTEP2DfpzxzQXJKiTv4SEqZumEQLiMske2J5KDHCT,Originals,Thomas Müller,Silver,Germany,153,QmSK7xHsx76jmCvASKr3xBACiFzrMUCXK3i3QRiRsFzRGo
48,0,QmRzVyJmixYceZ4JYsakHkQU8CAhhgBnCbA5ULqqmzbgcg,Originals,Dele Alli,Silver,England,144,Qmcv55ajTj3WXva4mhqS4ecY9qXehTxcb3214YobHFiHvt
49,0,QmX4XP9QkzH3TZNp3Ahy6vgacF4xS4eYT2c6YqqNuMiNQR,Originals,Keylor Navas,Silver,Costa Rica,143,QmYfB9dJFACtzkgncixiuczWAHY3qfVkiHGuqgm1q6uq2V
50,0,QmNkiSj6ALR7J82HJyRdtM6n3BXsz2zLCs1aXxGoohEtQ5,Originals,Thiago Silva,Bronze,Brazil,79,Qmd9VAyiwUUPjvdmf5Z4UsLoQNX1cXEu1nrc7D8SkLdRJX
51,0,QmcN3P4kGyFbJLPmWAq9s61jU8asT3HacHYUQ8GQXuGN1D,Originals,Raphaël Varane,Bronze,France,78,QmTNT4rPWCPNqNzVdZiXZjPKGb7TGN1WA21N5MFr4VJoZ6
52,0,Qmdp4XUrudcsE5PDkGm2Mxg4pdCkihAkkAqsHDiF5bbZqy,Originals,Ángel Di María,Bronze,Argentina,78,QmXePson1ZSuiiWFFFgfMiZGJCVmJrDWYqfBihaRrPPnm6
53,0,QmWdbMNFzikhV9ZKk3opZx3bxgidhHUDx1s9Y8pRiHjQX2,Originals,Jordi Alba,Bronze,Spain,78,QmchB8g3h3Dxz8xyNSqrGEKasZgVePYCGJS5PKqNa8LGic
54,0,QmWJQudTho8b3e4HusaeqaP9DoiNzRuo9qS16QEHpSbp9m,Originals,Medhi Benatia,Bronze,Morocco,79,QmV6Mj6B1eB3PqAf6anyEQsLcvArV8SpztMrtJaPxLfUwo
55,0,QmX7U63T4kKBgbj9tAzc8oiRfBjaau4JcVFru6EcaoKx9v,Originals,Timo Werner,Bronze,Germany,78,QmdQgzDaSA4QoTCCC7UGxUaQSBEDVNeHzzhCkCsHvgvrcp
56,0,QmeNphaCcm6NFCsXiQqgcQ3GKPEbQCqXewdBPj4S4cAKAc,Originals,Gylfi Sigurðsson,Bronze,Iceland,76,QmaFc16WdtdzFxMiGsCvrsh2roSYCfdQCqhLhGUPDhscX7
57,0,QmbbfxrJLfkeNKATGAxBcZQyMEJJeM8q3mSWE8XVnGBp5C,Originals,Nemanja Matić,Bronze,Serbia,79,QmWPUxwG584GeWCwdu2DcdcmTwo9rXAbURHxvnjAaMPQm4
58,0,QmTQFxxTvKaaxapigGCanco4vkP76UZ3W2hHy6r1vop7Uv,Originals,Kalidou Koulibaly,Bronze,Senegal,79,QmS66Ho9ixwJ7wAP5vspa5vrmzRAbpmt7gLATfvZZdtLmU
59,0,QmddeqipHvH26gbEEGR5fWidPfNFqoVoT1zDzyGuWcz2QY,Originals,Bernardo Silva,Bronze,Portugal,78,QmZ1xUYD5kKtdH7dpLJZDEAsq45E8GXQ3seXLsbFg1JLGJ
60,0,QmPhoPSqWt4yDp2mLULqLNvh6P8Smi8Krz9w2nKUYLVona,Originals,Vincent Kompany,Bronze,Belgium,78,Qmezxtr5GwLGzmEQehyiqhhVERZgPEiYU97b44w4PcFdYw
61,0,QmaF53SaX43o75WyzgLziFfsD3Q1DunTisbQUGea59LqA2,Originals,João Moutinho,Bronze,Portugal,78,QmTqvTmoMNbh3ZxCijnxRNy71g3281n5uNkpDxZPYkHzDe
62,0,QmdyC7cwDjdxJteRrWZxGsZCx3PTDDAsR85Mfd6bHwiJCq,Originals,Toby Alderweireld,Bronze,Belgium,78,QmYkqo7nucheAUWZ1HhRLxfVipnL2MeBHVwmaEmc8a3Cbz
63,0,QmYVwoAeMGXBpYDWG4oyPKn7BFYpsd9Zjhzt6H7zhbs8J3,Originals,Emil Forsberg,Bronze,Sweden,78,QmQyzNpx2d3h8mQURJrQ6RB29YEBEK31QdhdR7AQEtKpZL
64,0,QmXTYKnPi6DQCCdpD7eaRKTNthoS3PhBYEs5JMAUx4EhfB,Originals,Mario Mandžukić,Bronze,Croatia,78,QmNRJUy3NruCuW6BwXDW6uNgmJgFiNsaR8rorggHHSsPKY
65,0,QmaihzubsWnqnNpPNnrsk62qJvjgar3BCriHXWhQoar1An,Originals,Sergej Milinković-Savić,Bronze,Serbia,78,QmbLRMSzPhjWw75kWY1ViTrb4xvVURZJnJ9HPpxYYdU5Ca
66,0,QmajNxCCWmed5429MgXAbs39JfagKyatFsFDFwEdANpDWa,Originals,Shinji Kagawa,Bronze,Japan,79,QmdLMA1Sv8WU2BAhG4bAxUiasBSWDkH61UuGur6MiQwT9n
67,0,QmPHjWadMdb2atDGLjakJqw5dxF1Sqx1SDN4oZMX1N7pfV,Originals,Granit Xhaka,Bronze,Switzerland,80,QmYGt7DLUJnibe1JFBxnHkDPcwACdtxDxkyAVbW3P6TPxt
68,0,QmV2MFsHYPaBwjiTFtEPsjaYY6KJJDCA4ELvRbv6Cr4Lw9,Originals,Andreas Christensen,Bronze,Denmark,77,QmSaYvGn61mRaxP59Hdtd8vGhMJx27z2Z2g9Ar5ESN91qG
69,0,Qmc9mcLT1nPh35Dc36L8bbUVGcLCqiv3srGuMyur5Nedfd,Originals,Piotr Zieliński,Bronze,Poland,80,QmNtLNtnxeLPxxiXWtRH1Brv5DkL2pBdiAMRiadhWnVGdB
70,0,QmdkAfZepcESYahULMNnRrKspHRhQMQvJgWTC5DuAKgBqy,Originals,Fyodor Smolov,Bronze,Russia,79,QmXoM6KEwhZFunswV2K5He7xKs3xiXLXqEEuSrxmLphGiE
71,0,QmYqpNNR7rVRxcpW8xuVVcENzifx35H8sQTYnUHg9rJQEc,Originals,Xherdan Shaqiri,Bronze,Switzerland,80,QmPcioQqnvaEC9RL6qjbJreF35iRjsNPGdTu9aqFba58p8
72,0,QmVrDgx6aQiBxEFhVmV3vo3mevWU8xzbrh1eXtpNg3PnRA,Originals,Marcus Rashford,Bronze,England,78,QmbRFhBxL1EbuLaMsQzpyhjGcRSrUvrFXtwi1yW7pZjZWq
73,0,QmUnJxaz89Rp9G9B4bWpwYBoyTCpQtc6QSLDyum1gC5BMt,Originals,Javier Hernández,Bronze,Mexico,80,QmfQb4FCwYDdEWhkw28Z2mA1UBuVz14tQ24Zs6KTwxrN6E
74,0,QmedVwEmWU1AvKsYScAiahnzNQdDBCxvz2YGjJPeUrbKFm,Originals,Hirving Lozano,Bronze,Mexico,80,Qma2sLMdc5wDEcz992XjWf1Ls7vkj7zLvopuk6eyfbiJPF
75,0,QmVDAdhKgeCdqh84wWLDQEnRGzycm7aVCCxmdzHU8pAP4S,Originals,Hakim Ziyech,Bronze,Morocco,79,QmVFejgJo9VezhmBSjsGj96GCv7ohknwn3gh9aErHkAtiK
76,0,QmThk8XbnmM3iidSwAXnZadbHhYpWgCGXYXatuviojCf8L,Originals,Victor Moses,Bronze,Nigeria,78,QmWiu2S1YgsHsA5FLN2thK7schfwmvXGqXUw66V8qoF8mm
77,0,QmY4KJKqYqRuDhwR1rHWbC8UQznUXLSASvcsmjD3JoX4Xf,Originals,Jefferson Farfán,Bronze,Peru,79,QmWAn3KVQVYLEkvEvNg3VaYt9gDoWG612W3mUaEty4UPJP
78,0,QmPovzdPSZrsyjUnkNGDrv8tD89R3JWUQc39e24ajn5jZi,Originals,Mohamed Elneny,Bronze,Egypt,77,QmXbPV1inEtNyoRT4RwyPRvSFiHGyDYqEt5uhmk6xg9ZHm
79,0,QmZfjsZ75zmycH1gsSVeQyQuoM6L9zD9BbU69Ami8xiHpQ,Originals,Marcus Berg,Bronze,Sweden,78,QmaMT6g5Fns13jTGqBrnqo4G98Am7toM5Mtdvspv7du9Mu
80,0,QmXPp4YphUbYBbJ4P1HmHCii1Wq5rmGucrqm8j6eZhMFRx,Originals,Guillermo Ochoa,Bronze,Mexico,78,QmZLKqqixqex8jCC6ZW7iWnWsT854YkgmNTYikdyww4Hf6
81,0,QmZf2ypPuoWL8SwtgajyMmkokwDQrN4wXKEmw3K519U7tH,Originals,Igor Akinfeev,Bronze,Russia,78,QmZ4VU5Dhzg4brv5WLLHFYtu5iBNJzbqDXsf1fyBha7kZE
82,0,QmYeHz2FvqeGdo5tb5qR6x9UxVBoKqUS3w8qx1kDQwynJV,Originals,Sardar Azmoun,Bronze,Iran,79,QmS7EnQL8er7uNWHUfgsPBLyR9fFaTxP33j5pfFFXPbWQh
83,0,QmexE6cZcjCojdYH1QEo7TSciKFiUwGbpvA2JgvgrFAHZe,Originals,Christian Cueva,Bronze,Peru,78,QmVh7fZYnGKZMBGPcjBJim5dNYyjFGBf6azcKyFnKExH7f
84,0,QmPuZC9BwoCJaC82baBYNeN2FMTviEDGB1rmEMfjbrGbnY,Originals,Wahbi Khazri,Bronze,Tunisia,78,QmZXK24qfFoQZqAgrN98KL4rAsD3tkH28zqzRts86E275F
85,0,QmP4KpjfLsXVmwLQ5rH6oG4URtxbERnaq1a9mrT5jYokys,Originals,Keisuke Honda,Bronze,Japan,79,QmeoZQ8eTnZbTqf34ZokBUkjaTGNq5H5YdvkDc4VrZa2bo
86,0,QmetJN6ffyD4PrAubLnVdiQP1K324PyGpFXcx5tZ3Fo3Nh,Originals,Tim Cahill,Bronze,Australia,78,QmTiGNP9rb1pgq4R1iBtP9CQTAUsDDGMKHgWLno89VpYV6
87,0,QmdCCCeYLErYsZKBgDUCgdgxuxMG4pdsK2nu9EUFLKvFCh,Originals,John Obi Mikel,Bronze,Nigeria,78,QmShE9Fk8DyqzoBxbn8qDyk5LxFCRaCytd423gpce2Whru
88,0,QmQzpJUy8TNuLDU57A3TSNDiof9xcwQLQpzjo9sMbPJbST,Originals,Ki Sung-yueng,Bronze,South Korea,77,QmQAEKoDfL1uZt9FyjDrTucot1K3s8gw69FFfJtsBFagP3
89,0,QmcyMRkcG4u4ZPvcEiGPD4nBiW2r1ZDJuEcNVQQoYDvj6e,Originals,Bryan Ruiz,Bronze,Costa Rica,80,QmQzoDf8MoaSKpWMEDaxfufcnLzhEZwakwu9SURLhPotNH
90,0,QmcBzj4f2HtkabqhqEqv7rHRSuh6j5LEuKxf2uAUg4g7w4,Originals,Maya Yoshida,Bronze,Japan,77,QmYtDbMQ5Gbr6NNL25Ke4i9eyTsvLfjZ5hePMK2bPTX351
91,0,QmUvptchFigJaXy95bZENzLv6hB4wsUPHpsWZYVy2a2Pt7,Originals,Nawaf Al Abed,Bronze,Saudi Arabia,75,QmbBF4T1s8taT2wrfFUigxwESf2Cu4vsogcvJPKaMjVX4M
92,0,QmRhiwA7rFoM7ymzF7MtPhq2hYTkGKYiVtkkHjbvzSmEhz,Originals,Lee Chung-yong,Bronze,South Korea,80,QmS28iapyi8ZdWSQkj8Z661JpXJjtsV3TmXVcGrkNHnnqq
93,0,QmSxNYrxYEDmKkLXJwLwA4r9457DYvPXRufomkniKMKqtG,Originals,Gabriel Gómez,Bronze,Panama,79,QmcFGxs8JW3ckSPAaehAnqWjHvV5dAEyvVzdN6TLKDV4ov
94,0,QmdNuSy7MM73bM9sG9ax7TB4tQ8KrWxh6F9j6tqF4VS4Qm,Originals,Naïm Sliti,Bronze,Tunisia,78,QmXHBT7kQy6aNECitqpVVf8pnWEWiPWYjfNTrS1uAVz8gY
95,0,QmcLuzJE2TCz5JFEwra1DkBj6F8cdRP3qowdtZ1D4KyLeD,Originals,Reza Ghoochannejhad,Bronze,Iran,78,Qmc67t92LMdFmnwsNEAUPyXaTB23LhWCWsmjWAoi1gSK8N
96,0,QmayTC1rPGZNKTg4ELebScB9ZY4BeVpGCZ4XmVNV8cALWe,Originals,Mile Jedinak,Bronze,Australia,78,QmcWcVTkpzd9JFCtqYghCEcM7bhdmpsAGJqzx7a2HZys5p
97,0,QmdodCw1R9iU8EAVz2YkbD2cTaj8knopTb9ZcyggKvLLEZ,Originals,Mohammad Al-Sahlawi,Bronze,Saudi Arabia,78,Qma3ja2CvyJh8AgAZtxrZFG876nEBzMobAhp1s9uHiF7kD
98,0,QmSAvsRQLgX21snZN7UU8L7rB9fQ6VCFEkvGeKHBBymWZQ,Originals,Aron Gunnarsson,Bronze,Iceland,80,QmXAZuA7ToFiXXZmhjUyjmgWAKNuAyN48Hwme7PGyK6UoZ
99,0,QmSrqGM6WY6uYN4TqTHXBivvs2FFUPLNhj5NCLHi14KScd,Originals,Blas Pérez,Bronze,Panama,79,QmNNdCRWKVWUvGbhKRx8yQzB3JHvRfBte4qSoYVcNx98ow
100,0,QmZRJ5pBwpjAYrbyLqRQPj5TsAQPX3uscHuuZMkoqpg5SF,Iconics,Lionel Messi,Card of the Day,Argentina,13,QmPs6XfRX8qzPdC7Xsg2Wt2i7mYrBxzgzJLFHHTZnKtwXm
101,0,QmRLFhMbRVaSmu2oq8db2B95J4FqG8KLXH7SxixeYWK4Wf,Iconics,Cristiano Ronaldo,Card of the Day,Portugal,12,QmaLdAVnpp7c4ASxcisDoDEN1RkCU4brjTp95knyANsrMt
102,0,QmNpuXTM3uWkWRXijFbVeA8GXtVzQXLiK3Q2vvi8h956d9,Iconics,Neymar,Card of the Day,Brazil,9,QmXfwn8mFFr29SCVFUyrJp9tuUJGLZwcEHHLgodXKYoGco
103,0,Qmdriy31iD2Y9uX4P4gMFnaz36SQoCvtDPMBMkgFKATsY3,Iconics,Mohamed Salah,Card of the Day,Egypt,7,QmVLcLSiX7omNnKVo2L2r5Deg6bkQoZaPYAz5vyyWVqzsm
104,0,QmQDCiQfiY6DJv6Vwe1RamTeBDVMn12FcHHLSyc526gpDD,Iconics,Robert Lewandowski,Card of the Day,Poland,5,QmTxVzLjxdNhYapetApKpGAFHpWut6W1wudCjqW9xSp4TT
105,0,QmPcbLsP9m2HMcPvv2rr9VA4KiRJDQaAzZQCVAyoKVYLSR,Iconics,Kevin De Bruyne,Card of the Day,Belgium,8,QmSKH3TQ3EYeiQURToCgZgBZU7GGGnG8tnrKD4aMWwiCxy
106,0,Qmf9WtWb1gmqxihsbZDboYLb4VTsDRaDAVZKPAuEKWHMGT,Iconics,Luka Modrić,Card of the Day,Croatia,9,QmR6GHnvpypeq8KpvNU1qxqDbRYL9YUQPQ6QJQrkuHCGUE
107,0,QmbVBw82XK5fcJnMFUKRczzkRCbXwFKUm8Zo9hJkZMLmpF,Iconics,Eden Hazard,Card of the Day,Belgium,9,QmbFKtU2Dqgox9z7PzYLBUsNMRDbmYhEzRS6gK6jzeFt9n
108,0,QmYDPft6433qVnGBZriWAgVeAUHNrG2pipjU6Z2cNwq86U,Iconics,Sergio Ramos,Card of the Day,Spain,2,QmTDio4het5PYWQrJHDjfcqSzAq8dEusxpQCHb45Ed8KpR
109,0,QmXmhiSzC6Gbksopd32CJ2HxFEuMRBNUMGkkV7dHRQwFZw,Iconics,Toni Kroos,Card of the Day,Germany,5,QmQJCgs8MVWYFREd95xJEuGKczSYCuzBKFR2v2bJMKsWCc
110,0,QmdDMkQ8tKG1SUaXE54kDeKeLdK1yN21qZk6aoy4Uv1MCR,Iconics,Luis Suárez,Card of the Day,Uruguay,5,QmQaa9gG11bSUs6W9DfmVJjn96HxCEbZvFAukHL4BQ6gBJ
111,0,QmahfkqALsxTVNYgF8prRfBQcinVh5wHuZL64qjG99n6Sm,Iconics,Harry Kane,Card of the Day,England,15,QmVXUbEMvynz3AsSz7NmF4j5fTNXtScbLmiSGiYDRjSuf2
112,0,QmRAfQb1Mzw695FAJS21vDD1ckeFG1fuyKnVVoUHR7fB1B,Iconics,Sergio Agüero,Card of the Day,Argentina,7,QmaXHWcp2TLVchxSeftSF2kXDohcE8aSQxQcA9ognruq2v
113,0,QmaMHSqAxKvUfjATy4VmNbXvbkYnPoqwrH4SXebVYZUhpg,Iconics,David de Gea,Card of the Day,Spain,19,QmRfnmNfRrxEdR8Rrcs7hGLKCZPmXqxjDNF4VZxsDet7fN
114,0,QmU8LxSPz4oqabhGvD9HdtPFANXhddNbTF25guUazq4x4v,Iconics,Antoine Griezmann,Card of the Day,France,7,QmW4nkukKgd3tN5zJv9WbWAeqw5R5eTArh2nq23hnv744Z
115,0,QmQA1PMxLMHpYLYWJcRbBiMLWscwKfXo8zhDchgUvrcpZT,Iconics,N'Golo Kanté,Bonus Card,France,32,QmUo85GraK7vgzDJFhEAwR35mBarUUxuWXYV626YCWPwgq
116,0,QmQmpMR1w63uZjHSS9vjcUcH63KxnR8HByzgWPVzFdhB1n,Iconics,Edinson Cavani,Bonus Card,Uruguay,16,QmQhiYBxwGerc7YghzdHwk3nPe49nKAf5cZquaqvek3ybd
117,0,QmZT1ZEchE3ef6EWTvJkvBsYBWFTStLu1od1ccnkmjdgwb,Iconics,Paul Pogba,Card of the Day,France,4,QmX1Txb7aN3sBU1w5pkZgUT8oMDXp55w2EH9JYq2qcpb9R
118,0,QmW4jdjnrastyf2AykFSWJqGZPabu75sqUVGosTSpSCSKK,Iconics,Marcelo,Card of the Day,Brazil,13,QmQqDCM3quQZX2qFH1MBizhL7L7H8DxtZ1wFNXMQvCRGfR
119,0,QmTM8DFZWiZwCaY21tfSe4LBbKCCdbpZK1X73r4ZvwkCqU,Iconics,James Rodríguez,Card of the Day,Colombia,6,QmSZcj9GuXoncDAbhaRDhufLSYY1EsPtzEm6K1AfaGnDT7
120,0,Qmasbpc973TkGWvTevseim8iEqzPwpdgvkVY5TQ627utXe,Iconics,Christian Eriksen,Card of the Day,Denmark,4,QmXvtHns16mwuduY5EQpQQB7SSzh8iW3ui5MY1q6qLDS7H
121,0,QmXbrWkmMsyFnFPAVLYaPoiWZRdC3xGpZgRrL5Xrq5X8pu,Iconics,Thiago,Bonus Card,Spain,16,QmTQ71AXU9TJ6rR7v2PXF4vwdZHQmyaHzfByeLmHcQSUgd
122,0,QmYnPqpytVVDAo7WgykUMjLfXch8he9HYNemVE1MdDPj3d,Iconics,Mats Hummels,Bonus Card,Germany,18,QmP4rNeHNzWT6eDexQP5Ys9Gw47FGKb7niY6owg5LfKcEk
123,0,QmdnpJXUHhjw3kDvtBJQWrRY5Q2EZvrvcgQYEi782NARjn,Iconics,Mesut Özil,Bonus Card,Germany,16,QmXUQ5PFEcAj7W3XNVpCYRnXdKsX7RrmLfQweiG8yA8vWW
124,0,QmQvGH7wri5vqtKqGuPCkg4o4gWTg9f416Xyt7i1UdzYEK,Iconics,Son Heung-min,Card of the Day,South Korea,7,QmQaV7GFiX9vfHBXRQx5YoY1oh1zQQvEYTQit8qYgYyVws
125,0,QmPk2f7P1eixK3RLjmAJh8Fr8BkRea9AJg44cMJU1cxXnW,Iconics,Sadio Mané,Card of the Day,Senegal,24,QmQgDTLSQnbX7LXqQDgUEnrhsvAacssxsq42BzMqkA54dS
126,0,QmThGDPSgdxk2dDgh3L3gxjurQRPRQNaz7MDnBuPJj2Tqr,Iconics,Dele Alli,Card of the Day,England,7,QmVwxJh7n6MM3iG5SGLVYjYAirZgztrwUmNzHtgkEqdWUZ
127,0,QmYkjj3jLoQpq23K7B72WqfEWVTdi6a3mrYm9DFm5xHXzb,Iconics,Keylor Navas,Bonus Card,Costa Rica,24,QmNMAYXSbRQpEQu8TfDkSYuV3wjs5AwGrZd4iKpxNgKisT
128,0,QmcE9PT1bWS6fRhGTF2wefYL2kisYNJVx3mXqLet3UWLAB,Iconics,Javier Hernández,Card of the Day,Mexico,10,QmWnaekFo2kfG137YqWTsLSPReD9CvckniLk2KDU3P2Mju
129,0,QmUMqeeBhkFT2y3tAvYAA5wxbe8UQ6qjRDTGC1DvXa97wq,Iconics,Keisuke Honda,Card of the Day,Japan,10,QmVZAftFMDZkgjNikNk7vTP3asZ3YxcCB2hpy5s95HLNHm
130,0,Qma5CpFKDBb3dKy3V4LKzSSGgo3MnKgpWeiH2Am8v5e8bL,Iconics,Dani Alves,Bonus Card,Brazil,17,QmeCFAwPEC5FCaFGk31ZitHUJLghP7Nneb2dXNuawkzkXj
131,0,QmP8sWys4FNpQkYCPoLbCBWChwXSXczYZzGWv2noouui1r,Iconics,Zlatan Ibrahimović,Bonus Card,Sweden,14,QmbEJJ1VT6ipyn75QKVEjcdnJd3ALNVgyCUXDq4ehyM2K4
7,1,Qmd5DBGsaeScxxqrB7Xmi3abK24zqx4DnwY6CQRGBZSdqb,Originals,Eden Hazard,Gold,Belgium,74,QmYr929yRFHUWqadAW6djKXaXjv9hzjxJyhgfNiTyQWw3a
13,1,QmPzwhKZyhdie48xT6nFcW8CMkD9kz56NxbVM7RZsoMJEc,Originals,Kylian Mbappé,Gold,France,70,QmPvDZykYBw9iMBfHcSdLMruWirKUfcwsXfZ5mZwEFnG7X
16,1,Qmafj7ShBgibLoS8yrYBBD7KphwPZPCRq5jRtr6opz8NvV,Originals,Antoine Griezmann,Gold,France,62,QmXZmq6xs5MaoSZ6UPJ5MLKDeLK5rTWuwhjYvaeZJdMS77
19,1,QmUXetpbGfBy2JuLowT9dtrcdQJ9GgcixgyddXWXo9EjD5,Originals,Paul Pogba,Gold,France,87,QmVDfxWGjLSomrcQz7JB2iZmsfNFpyVPQzJvkCbJc19iWu
30,1,QmfADUDxupVBQPbNR5yo5cRFKBHGQmSpMXnxtYTkTTZFfw,Originals,Thibaut Courtois,Silver,Belgium,162,QmXCJ53VF2nZdj1xpYaBo8BJyjdoo1ggVmCjt1cAWhd4ou
41,1,QmQvjcGXq2Kb2q2quXgrk6y7zr68cXQwre54vfiTNRM5xu,Originals,Hugo Lloris,Silver,France,153,QmP5wADxxZJVrzkKj5e8S7HAtAGg6L1DHMAUp7tGCgiGxE
48,1,QmawJzdsP9EaxVxcQMkaHhKNPgesigiLdFvokUzh9ZzqF7,Originals,Dele Alli,Silver,England,144,Qmc7w3D5C9xEp3LPTwGxwC3xUnAsQH22KDSdhLi5Bj7nYr
51,1,QmdFxtcfi8qwww4NniFbMJuU7tTR4EDj79uLseVSZpSohJ,Originals,Raphaël Varane,Bronze,France,78,QmecZq2xjqRPQfUQbGs2N4dp7NX1ftutVcp6vRK9FUMV4C
64,1,QmTYT3im5aVjCX8jVBDer8YJedD4Z5KEnJtbVPr32eEN3e,Originals,Mario Mandžukić,Bronze,Croatia,78,QmTyyYRJQhqVHAVCgvpMJgp5d67QDuLnkDZ24EnZBD2heF
64,2,Qmb89ETw9b1MRqRySxU8DxuQFBptiF1uN7wgkesWMwxAgF,Originals,Mario Mandžukić,Bronze,Croatia,78,QmZFHQhcWenea4GwHsK2chF5x1rxyFDvnz3QhyPqLSRKc4